               epoch,      train/box_loss,      train/obj_loss,      train/cls_loss,   metrics/precision,      metrics/recall,     metrics/mAP_0.5,metrics/mAP_0.5:0.95,        val/box_loss,        val/obj_loss,        val/cls_loss,               x/lr0,               x/lr1,               x/lr2
                   0,            0.069844,            0.024222,                   0,             0.81135,             0.73946,             0.80865,             0.48179,            0.040472,            0.010534,                   0,            0.070055,           0.0033273,           0.0033273
                   1,            0.045987,            0.018813,                   0,             0.78951,             0.75521,             0.82382,             0.49847,            0.036481,            0.009944,                   0,            0.039923,           0.0065287,           0.0065287
                   2,            0.042363,            0.018466,                   0,             0.75065,             0.72803,             0.78229,             0.45845,            0.037515,            0.010328,                   0,           0.0096589,           0.0095982,           0.0095982
                   3,            0.041335,            0.019209,                   0,             0.72526,             0.66907,             0.73427,             0.43025,            0.036249,            0.011357,                   0,            0.009406,            0.009406,            0.009406
                   4,            0.039304,            0.019564,                   0,              0.7708,             0.70316,             0.77321,             0.48672,            0.033324,            0.011037,                   0,            0.009406,            0.009406,            0.009406
                   5,             0.03778,            0.019328,                   0,             0.78779,             0.75283,             0.80598,             0.51033,            0.032312,            0.010389,                   0,            0.009208,            0.009208,            0.009208
                   6,            0.036403,            0.018696,                   0,             0.79636,             0.77246,             0.82634,             0.55133,            0.029407,            0.010037,                   0,             0.00901,             0.00901,             0.00901
